Link,Hashed Link,Valid,Timestamp
https://discord.gift/4FrwscPDrQPa857r,826e2e18fa20b862eb73ce0fdef0860c,False,2024-10-08 18:42:36
https://discord.gift/KZ0dfx5Vp9XdTSY6,17acd2f2b5a916860fdadf0c176e148e,False,2024-10-08 18:42:36
https://discord.gift/AT6u2rjeCAyb1WeT,e97a4f84145a36d2c156b75cba18ab6f,False,2024-10-08 18:42:36
https://discord.gift/Eic0aM6R548xGcwh,3659b8016e783123d8f67b227b16d8c1,False,2024-10-08 18:42:36
https://discord.gift/wJB5M0AkIksJ9tAo,d2fab84d4a2bb94cee6aebee950b4ea7,False,2024-10-08 18:42:36
https://discord.gift/NZpJlH91W3ETbN7v,0dbc94205a82fdb599f33747ad1a3b3b,False,2024-10-08 18:42:36
https://discord.gift/oXb1tqSysIHw6ReC,c3b6d81bf48357b696586ca54033d6e4,False,2024-10-08 18:42:36
https://discord.gift/KWMtQbiGy7KqcUDT,1f14cb3fd8797b0d709c8fbb37f9c224,False,2024-10-08 18:42:36
https://discord.gift/VCZhYzSUWjE12R5n,07b2420e9669927e5585efa86c9cfdda,False,2024-10-08 18:42:36
https://discord.gift/CXtyUqofNZqeja19,10d7d16570b618a6802a4c3caeb084f3,False,2024-10-08 18:42:36
https://discord.gift/MriEteMg5Vzi36T9,3b34ab9d60ab23b6d1f98b9a2ab84cd3,False,2024-10-08 18:42:36
https://discord.gift/aruN5Uzz97KVVrda,4866251459bcd67f33194e506f07ca46,False,2024-10-08 18:42:36
https://discord.gift/Pz0Vp7Swwkr1yrAi,dbcc5e5b2d9251b1675929bc3e535b0d,False,2024-10-08 18:42:36
https://discord.gift/Rc9Bx5ZuaYq3ssNF,836870d196a7aec3ad5705371775e4d2,False,2024-10-08 18:42:36
https://discord.gift/84Zt7BzwZF2rMxeH,f213d35105cf4ed0df60b4dfcd9943cc,False,2024-10-08 18:42:36
https://discord.gift/gboDmNlCQZ10KvuK,fd0fb0b25eeaac64e1f5f284eaeddaa9,False,2024-10-08 18:42:36
https://discord.gift/AxdnL2vchuyMn6Cv,5b48f89c964480f8e17ebc2a242f2333,False,2024-10-08 18:42:36
https://discord.gift/KMNTOoucPoi7SC6s,86780e30616e2fbdceb0e9a6b4698bb3,False,2024-10-08 18:42:36
https://discord.gift/WLLNsNgQ6zUZ1ai3,96c38fbcca20dbefa91ace15b5ce3ee9,False,2024-10-08 18:42:36
https://discord.gift/7p7rdzuJNDyDVoym,0e8d67ba3a9d9b71cf11eb4ea8e8d717,False,2024-10-08 18:42:36
https://discord.gift/I9Bl3yQ7iWTv3SUn,eef4c63b59732e2bb9e379c3f8467725,False,2024-10-08 18:42:36
https://discord.gift/SRnPZdlnKCkkpnEf,a3be3f08eb13b586be7eda4c81b0dd9c,False,2024-10-08 18:42:36
https://discord.gift/tMo9AkzDAtiCM1pY,7193dab9c7ddfeed46dbf15558e86586,False,2024-10-08 18:42:36
https://discord.gift/3wLUoboSifnKNSZD,9a28d599f75de601a8571dfdd0f32a3d,False,2024-10-08 18:42:36
https://discord.gift/W1pkZe90cBbESQU0,dfa0e6a49dd482bc2f66211660fbfb5d,False,2024-10-08 18:42:36
https://discord.gift/qFlak5Wwv8WDXMqP,d4bc5a16813e34a5790be6a137f087cf,False,2024-10-08 18:42:36
https://discord.gift/4FdWLYpPyrCD1ajs,8cac05877bf904bd5caef562427f27eb,False,2024-10-08 18:42:36
https://discord.gift/sPuOR6tB3Can0He7,53725d29f97f8a567e467c4438a9d7d5,False,2024-10-08 18:42:36
https://discord.gift/LRP8lYd58fx6xklb,f022d46fea4fe973c2896da3003d042b,False,2024-10-08 18:42:36
https://discord.gift/ksUxMkxyljx9TDsn,a8ff9ae98804e31e789ce38bc50e3c04,False,2024-10-08 18:42:36
https://discord.gift/rMhS5mDnV5FZq8Bb,a6f287393e2b5345c1c930ee30f0d295,False,2024-10-08 18:42:36
https://discord.gift/V1ey7WzrVmza7Tub,f52893b8cf2959c057df065a29d7d741,False,2024-10-08 18:42:36
https://discord.gift/Pf8s1IT4wzkbUj3r,9ddf3769b47f1a063715c45fed4f293b,False,2024-10-08 18:42:36
https://discord.gift/rEQFEv3XGPUWPfYl,3ec0374fcde1726d96e55698debecceb,False,2024-10-08 18:42:36
https://discord.gift/ZcMPEOVAQmAyRD9i,05bbc672f12b147496561a97303f5d91,False,2024-10-08 18:42:36
https://discord.gift/piWJDKeaxXNoUJ3t,e3a427a46ed6016131a38b3ba740f8be,False,2024-10-08 18:42:36
https://discord.gift/XgimdDMCJnFz2Lf0,0c40d70b38f2ba5ce12034718789aa69,False,2024-10-08 18:42:36
https://discord.gift/t1pxjpnWqAZxhzNk,5e9a23873b7fab532ec309d55cbc12f2,False,2024-10-08 18:42:36
https://discord.gift/vtnOo9Su393gx8dZ,b0067da5a52ac9f85d56ec48f0589f92,False,2024-10-08 18:42:36
https://discord.gift/pkKPsSPN6OSfwkWX,2054fc24aa3022c5b680ff3c0438acc7,False,2024-10-08 18:42:36
https://discord.gift/2ZCuDKowdD5BTERr,dbf54273b7a8b26d1a0764070a02c566,False,2024-10-08 18:42:36
https://discord.gift/ResWc6dj3XduUWq0,60142173dcee39714e90694af2a48665,False,2024-10-08 18:42:36
https://discord.gift/8GD2lEhb05XHQpHI,8ec872281a58c9887f96e6ab12567c02,False,2024-10-08 18:42:36
https://discord.gift/FfINAzHnfTeJfJap,c00f027c76a1f891227347d884e12084,False,2024-10-08 18:42:36
https://discord.gift/Pp9XzX43se9ksS2c,0bab402e7a55364a4ba89fb65505e8e0,False,2024-10-08 18:42:36
https://discord.gift/E7DwSniJQRT7bRWr,a6451c126b6056b602fa5d30488fe7d3,False,2024-10-08 18:42:36
https://discord.gift/qqBI5lQrdlpShpLW,4833fa52471e6e49060c4b1c9c2d9f55,False,2024-10-08 18:42:36
https://discord.gift/XUOZqLwI8VXHu35V,a7d2386f929b33e1dc2abde4b1970d21,False,2024-10-08 18:42:36
https://discord.gift/lTshtl2uEpjRKN79,9202a1e7f0c76df54a77d6a746149c21,False,2024-10-08 18:42:36
https://discord.gift/Z2fgl6gtMKcwxacE,edf6d29a00ed7e9916362b95ca436731,False,2024-10-08 18:42:36
https://discord.gift/3dUPJF7YjHaSUUOU,fad73aac4bd6ad62dea757be68bd9c4f,False,2024-10-08 18:42:36
https://discord.gift/fQtaf6nUx0xfDyb8,88740810f89d8fdc0b80f0524d059115,False,2024-10-08 18:42:36
https://discord.gift/1PvqXra9HCduUVjs,6102fc45c07bb4ae83b2748298d74aa6,False,2024-10-08 18:42:36
https://discord.gift/H5zWSNH6JGVKEvps,181803728a86eae7ac876a75ed2a8656,False,2024-10-08 18:42:36
https://discord.gift/XBB7IwqZgHg0SzJf,aae7dc9c895056331f90f7f837662677,False,2024-10-08 18:42:36
https://discord.gift/C1VbKoRwdI3oUk32,d001e55c5e9803eb7e4a40609920e889,False,2024-10-08 18:42:36
https://discord.gift/wyt4KEuaBtyLEvef,6886b96eb6ef52a2ba54e0cc073d0da0,False,2024-10-08 18:42:36
https://discord.gift/n0fvkk5PoJjqBrVi,3b8d1677a50cf07b97aace08a18f918b,False,2024-10-08 18:42:36
https://discord.gift/m41e0rn9sPtKE9KV,c86937b9f82a61d8563b1320509dbea3,False,2024-10-08 18:42:36
https://discord.gift/g4KPfMjiDmTNV8WK,c60de92fc2486b08abdb0a7d04d703b0,False,2024-10-08 18:42:36
https://discord.gift/jJwSFCHe9DQxAanJ,50d16ac56f4b67362c02622a39011d44,False,2024-10-08 18:42:36
https://discord.gift/7l4g4LNipjPftXNf,2854e4d942152bf4681545592c030150,False,2024-10-08 18:42:36
https://discord.gift/2GMz2tCOyYhwUFCI,1bd523c3b0ed2504a30e8cfe5ed3650c,False,2024-10-08 18:42:36
https://discord.gift/nPrIfIQhROJUlwfA,c6dd1f17c5f82d2a8c9abe60564f17c9,False,2024-10-08 18:42:36
https://discord.gift/z3iD8WZEc656wCNB,f5e4237e049053f00bdbcff70688b45d,False,2024-10-08 18:42:36
https://discord.gift/fzKrMsl2ATIJ8F0a,4be048b2b74a784a404b359eea982765,False,2024-10-08 18:42:36
https://discord.gift/PAtXhYw2P1Lmgyhz,cf4e4aaed5903492beb61e72986bbfab,False,2024-10-08 18:42:36
https://discord.gift/FXIp8ZWjHyUCSC7b,4971306e8217be3fcefed89ca91cf3ee,False,2024-10-08 18:42:36
https://discord.gift/wnhgZ2vaiduIWiGd,c8685e7419352230200ff00da0a9b33b,False,2024-10-08 18:42:36
https://discord.gift/HTwYtsI5FHuB2XJk,dde246e73c7d910a51d868dbbc75823a,False,2024-10-08 18:42:36
https://discord.gift/RM0ibD0cMI3Pat6D,d8d8e3798689f4d5bc415ea94c522736,False,2024-10-08 18:42:36
https://discord.gift/ElG5NbI5odOXclYU,b35f811bc1ce7df5861d8916841b1ee8,False,2024-10-08 18:42:36
https://discord.gift/WD6wbGXWICqGraP7,42bfe4ef96b1325e704eb29db7e17928,False,2024-10-08 18:42:36
https://discord.gift/Hbo1LSYrFUP0CINb,9bb5cdb5d13b38532215ac98dea41d5e,False,2024-10-08 18:42:36
https://discord.gift/JjKtFRYbD5c0fK0R,124921f50876e6222c76fb5afcd75e4d,False,2024-10-08 18:42:36
https://discord.gift/P55VYdzHfOLyIM4s,c5e261bda9180c96a7ba15c43d00cd9e,False,2024-10-08 18:42:36
https://discord.gift/CYh7L8JC38MJQSVh,b17a448fea7f45988fd50f8a81f34a5f,False,2024-10-08 18:42:36
https://discord.gift/O4iHcsMnGgKHzCNh,aabc1d9e3a8b1112f7216168c5aac7b0,False,2024-10-08 18:42:36
https://discord.gift/5Z4uYwvYPcewDahs,92a3e960a984e2d22abcf9c73b4da378,False,2024-10-08 18:42:36
https://discord.gift/oxxVfOV1MbPMZ9NC,b2274a3b3cba7c9c26fbb40c218d3a5f,False,2024-10-08 18:42:36
https://discord.gift/K3PBSYKt2w3RJpgW,b63142451d73194782a6074e456eea3f,False,2024-10-08 18:42:36
https://discord.gift/8R08NiCGrpfAgmJM,115af1389f48ad99432414fed45fc3fd,False,2024-10-08 18:42:36
https://discord.gift/EVVSKBqoKJbgjyzN,3af992a53cec375a856ab6ad9e9c5856,False,2024-10-08 18:42:36
https://discord.gift/6Sd9LwfSd7i0jf0X,839d85e67d736eba9eb7e122f1336aab,False,2024-10-08 18:42:36
https://discord.gift/9cBYmbuO36zzMClY,e3b818566299fd60cbeea33f476b758e,False,2024-10-08 18:42:36
https://discord.gift/xYEmxGU12YikKDxM,2b82f5ed669f2e138dec402ec1706c6f,False,2024-10-08 18:42:36
https://discord.gift/esIXDIDQF46x7PZB,daec0891b1141d69bfb8a466704fea5c,False,2024-10-08 18:42:36
https://discord.gift/7grEhgOIzalnsuWP,1365848811d2d9223b0a6b119fdf4aaf,False,2024-10-08 18:42:36
https://discord.gift/QquB0jqhond11Ori,76a40b42e6bc7122984027adaeecc078,False,2024-10-08 18:42:36
https://discord.gift/YiyXSTFEtwJQtf7O,c77d7acaf0af2eec05cfe33017050480,False,2024-10-08 18:42:36
https://discord.gift/MZhzvRwbvlj6ZQsc,4c93b468b8518ffb7e45aca92749c75a,False,2024-10-08 18:42:36
https://discord.gift/sqdRvAX5YmiUsXEl,0ef39b4cd372198c7780f76d314f2ecf,False,2024-10-08 18:42:36
https://discord.gift/CHzeIQ0g5DcVeX1o,80ce77e90b18af585e94385da826fa36,False,2024-10-08 18:42:36
https://discord.gift/mZSN6riuVGzL9uBi,d9d6d900af7c157b3059686ece741637,False,2024-10-08 18:42:36
https://discord.gift/GuJm7NPeSm01mVls,8e85d6bb0c719b8605cf11efa3f5b66e,False,2024-10-08 18:42:36
https://discord.gift/osy8menSRzxI3zEO,13866595ea2160eabb08fe6bfd670c1a,False,2024-10-08 18:42:36
https://discord.gift/hPCQhMwyXWIOTNwY,f1ab9b3d2406a98170d1423864a1b903,False,2024-10-08 18:42:36
https://discord.gift/ryrljmVvmTQsVDpV,b00968cff8cf6093de5aeb0871ee6df0,False,2024-10-08 18:42:36
https://discord.gift/dqo1m0gWRreAFt8n,96e69003a5fb10e0c57b7cf9915d0a72,False,2024-10-08 18:42:36
https://discord.gift/y8rUoV8noj6V0TfO,38de2151b0dbcceab8c6c1b93e7367d7,False,2024-10-08 18:42:36
